1,pink
2,baby
3,cute
4,oreo
5,kiss
6,shit
7,mine
8,fish
9,yoyo
10,frog
11,moon
12,food
13,swim
14,cats
15,surf
16,duck
17,beer
18,tree
19,milk
20,home
21,kiwi
22,jazz
23,zero
24,cows
25,noah
26,good
27,girl
28,kids
29,ball
30,ipod
31,gold
32,boom
33,west
34,thug
35,none
36,four
37,band
38,okay
39,hell
40,open
41,golf
42,twin
43,taco
44,chip
45,ugly
46,dumb
47,dead
48,tank
49,dino
50,boss
51,stop
52,game
53,cars
54,pool
55,kill
56,hero
57,halo
58,beep
59,dodo
60,pigs
61,lake
62,evil
63,eggs
64,cell
65,wood
66,tuna
67,true
68,buzz
69,bone
70,time
71,shop
72,pain
73,live
74,save
75,lion
76,book
77,bell
78,wish
79,cook
80,pony
81,play
82,luck
83,lord
84,hair
85,gray
86,eyes
87,silk
88,sick
89,boot
90,mail
91,wind
92,wife
93,pong
94,slave
95,gecko
96,brush
97,audio
98,tooth
99,scoop
100,crane
101,civil
102,trout
103,tribe
104,tight
105,havok
106,chore
107,judge
108,latte
109,gloss
110,plant
111,cheat
112,cable
113,gnome
114,other
115,opium
116,local
117,horns
118,torch
119,title
120,spock
121,pills
122,monkey
123,lovely
124,soccer
125,purple
126,secret
127,pretty
128,angels
129,flower
130,barbie
131,lovers
132,shadow
133,family
134,dragon
135,cookie
136,summer
137,sweety
138,junior
139,yellow
140,dancer
141,orange
142,shorty
143,hunter
144,killer
145,cheese
146,ginger
147,peanut
148,beauty
149,pepper
150,kisses
151,heaven
152,mother
153,batman
154,gemini
155,horses
156,banana
157,prince
158,friend
159,master
160,school
161,august
162,casper
163,kitten
164,silver
165,cancer
166,apples
167,mexico
168,muffin
169,single
170,london
171,amigos
172,turtle
173,stupid
174,spider
175,disney
176,bandit
177,hearts
178,guitar
179,player
180,people
181,bubble
182,smiles
183,sweets
184,canada
185,dreams
186,sydney
187,lonely
188,butter
189,hotdog
190,genius
191,animal
192,hawaii
193,winter
194,blonde
195,please
196,autumn
197,diesel
198,cowboy
199,coffee
200,always
201,danger
202,babies
203,donkey
204,police
205,singer
206,photos
207,little
208,ballet
209,copper
210,slayer
211,wicked
212,ranger
213,random
214,father
215,winner
216,wizard
217,friday
218,turkey
219,rocket
220,poison
221,divine
222,sherry
223,falcon
224,church
225,doctor
226,system
227,bamboo
228,devils
229,tattoo
230,eleven
231,psycho
232,mobile
233,friends
234,bubbles
235,forever
236,destiny
237,america
238,diamond
239,dolphin
240,pokemon
241,chicken
242,rainbow
243,october
244,peaches
245,crystal
246,freedom
247,mustang
248,january
249,flowers
250,welcome
251,popcorn
252,cookies
253,monster
254,florida
255,thunder
256,cupcake
257,ferrari
258,nothing
259,vampire
260,penguin
261,sparkle
262,lolipop
263,gateway
264,trouble
265,bananas
266,twinkle
267,panther
268,titanic
269,blossom
270,element
271,giggles
272,fantasy
273,college
274,naughty
275,buttons
276,vanilla
277,unicorn
278,cricket
279,pikachu
280,kittens
281,teacher
282,special
283,liberty
284,windows
285,atlanta
286,ecuador
287,romance
288,pitbull
289,romania
290,chopper
291,coconut
292,eclipse
293,warrior
294,brother
295,success
296,sublime
297,cheetah
298,tequila
299,grandad
300,pirates
301,drummer
302,snowman
303,cracker
304,student
305,sisters
306,swimmer
307,country
308,redhead
309,germany
310,respect
311,nemesis
312,wedding
313,scarlet
314,believe
315,english
316,pandora
317,mittens
318,knights
319,beatles
320,biscuit
321,victory
322,twister
323,rooster
324,nibbles
325,trigger
326,cartoon
327,mexican
328,peanuts
329,gymnast
330,soldier
331,secrets
332,firefly
333,captain
334,popstar
335,pudding
336,goodbye
337,bunnies
338,lesbian
339,warning
340,digital
341,science
342,someone
343,giraffe
344,ironman
345,journey
346,sparrow
347,musical
348,cabbage
349,polaris
350,pancake
351,running
352,buffalo
353,imagine
354,lollies
355,mission
356,monitor
357,doggies
358,doodles
359,biology
360,trumpet
361,fairies
362,classic
363,courage
364,control
365,crybaby
366,leopard
367,chronic
368,chinese
369,rabbits
370,speaker
371,rockets
372,popular
373,dynasty
374,bonkers
375,seattle
376,varsity
377,eternal
378,charger
379,feather
380,gorilla
381,changes
382,tractor
383,million
384,saphire
385,natural
386,shooter
387,shadows
388,plastic
389,beaches
390,puddles
391,password
392,sunshine
393,football
394,superman
395,computer
396,whatever
397,baseball
398,november
399,december
400,precious
401,slipknot
402,rockstar
403,internet
404,lollipop
405,midnight
406,skittles
407,cocacola
408,elephant
409,savannah
410,scotland
411,motorola
412,shopping
413,gangster
414,simpsons
415,hardcore
416,diamonds
417,february
418,birthday
419,twilight
420,serenity
421,paradise
422,creative
423,sapphire
424,lavender
425,nintendo
426,children
427,cherries
428,thailand
429,pakistan
430,eternity
431,starfish